{"cameraMode":{"drawMode":0,"name":"Shaded","section":"Shading Mode"},"sceneLighting":true,"audioPlay":false,"sceneViewState":{"showFog":true,"showMaterialUpdate":false,"showSkybox":true,"showFlares":true,"showImageEffects":true,"showParticleSystems":true},"in2DMode":false,"pivot":{"x":-31.76188087463379,"y":-0.2854871153831482,"z":-18.196380615234376},"rotation":{"x":-0.0164546687155962,"y":0.9390790462493897,"z":-0.04540151357650757,"w":-0.3403438925743103},"size":91.81843566894531,"orthographic":false}