{"cameraMode":{"drawMode":0,"name":"Shaded","section":"Shading Mode"},"sceneLighting":true,"audioPlay":false,"sceneViewState":{"showFog":true,"showMaterialUpdate":false,"showSkybox":true,"showFlares":true,"showImageEffects":true,"showParticleSystems":true},"in2DMode":false,"pivot":{"x":-3.8496265411376955,"y":-5.148984909057617,"z":-9.833702087402344},"rotation":{"x":0.0427216961979866,"y":0.7361156344413757,"z":-0.04666523262858391,"w":0.673896849155426},"size":106.7461166381836,"orthographic":false}