{"cameraMode":{"drawMode":0,"name":"Shaded","section":"Shading Mode"},"sceneLighting":true,"audioPlay":false,"sceneViewState":{"showFog":true,"showMaterialUpdate":false,"showSkybox":true,"showFlares":true,"showImageEffects":true,"showParticleSystems":true},"in2DMode":false,"pivot":{"x":-11.926406860351563,"y":5.920280933380127,"z":-10.231236457824707},"rotation":{"x":0.014646434225142002,"y":-0.7510327100753784,"z":-0.016667556017637254,"w":-0.6598958969116211},"size":17.688945770263673,"orthographic":false}